Oracion original,label original,Puntaje Positivo,Puntaje Negativo,El resultado de la inferencia,Tiempo de fuzzificacion,Tiempo de desfuzzificacion,tiempo de ejecucion
i loooooooovvvvvveee my kindle not that the dx is cool but the is fantastic in its own right,Neutral,0.382,0.0,0.4743067053518121,0.0,0.00200605,0.00200605
reading my kindle love it lee childs is good read,Positiva,0.47,0.0,0.6121258407190895,0.0,0.00100613,0.00100613
ok first assesment of the kindle it fucking rocks,Neutral,0.216,0.0,0.27136998028182546,0.0,0.00199914,0.00199914
you ll love your kindle i ve had mine for a few months and never looked back the new big one is huge no need for remorse,Neutral,0.204,0.135,0.25800628839549145,0.0,0.04310584,0.04310584
fair enough but i have the kindle and i think it s perfect,Positiva,0.456,0.0,0.5891372965322006,0.0,0.0009501,0.0009501
no it is too big i m quite happy with the kindle,Neutral,0.281,0.155,0.3443877189927482,0.00099945,0.0009985,0.00199795
fuck this economy i hate aig and their non loan given asses,Neutral,0.0,0.444,1.9325203674725225e-16,0.0,0.0010016,0.0010016
jquery is my new best friend,Positiva,0.649,0.0,0.6438613251155623,0.00099826,0.00099802,0.00199628
loves twitter,Positiva,0.787,0.0,0.6242459093034124,0.0,0.0010016,0.0010016
how can you not love obama he makes jokes about himself,Neutral,0.139,0.234,0.20656593878434681,0.0,0.00199842,0.00199842
i firmly believe that obama pelosi have zero desire to be civil it s a charade and a slogan but they want to destroy conservatism,Neutral,0.127,0.182,0.1785200131755035,0.0,0.00100088,0.00100088
house correspondents dinner was last night whoopi barbara amp sherri went obama got a standing ovation,Neutral,0.0,0.0,2.4818110529641523e-17,0.0,0.00151968,0.00151968
watchin espn jus seen this new nike commerical with a puppet lebron sh t was hilarious lmao,Neutral,0.337,0.0,0.4129619064973852,0.0,0.00100207,0.00100207
dear nike stop with the flywire that shit is a waste of science and ugly love,Neutral,0.245,0.43,0.12477160010441128,0.0,0.00100279,0.00100279
lebron best athlete of our generation if not all time basketball related i don t want to get into inter sport debates about __,Neutral,0.224,0.0,0.28025658977924817,0.0,0.00199604,0.00199604
i was talking to this guy last night and he was telling me that he is a die hard spurs fan he also told me that he hates lebron james,Neutral,0.067,0.238,0.11593239678085414,0.0,0.0011003,0.0011003
i love lebron,Positiva,0.808,0.0,0.6311522157996144,0.0,0.00200295,0.00200295
lebron is a beast but i m still cheering the a til the end,Neutral,0.331,0.0,0.405181114357783,0.0,0.0,0.0
lebron is the boss,Neutral,0.0,0.0,2.4818110529641523e-17,0.0,0.0,0.0
lebron is a hometown hero to me lol i love the lakers but let s go cavs lol,Positiva,0.488,0.0,0.6438761025128971,0.0,0.00100946,0.00100946
lebron and zydrunas are such an awesome duo,Neutral,0.369,0.0,0.4559005539684265,0.0,0.00110126,0.00110126
lebron is a beast nobody in the nba comes even close,Neutral,0.0,0.0,2.4818110529641523e-17,0.0,0.0,0.0
downloading apps for my iphone so much fun there literally is an app for just about anything,Neutral,0.183,0.0,0.2340678430697187,0.0,0.00101185,0.00101185
good news just had a call from the visa office saying everything is fine what a relief i am sick of scams out there stealing,Neutral,0.225,0.312,0.2735563492312864,0.0,0.00172472,0.00172472
awesome come back from via,Positiva,0.506,0.0,0.6666192358366267,0.00096083,0.0009923,0.00195312
in montreal for a long weekend of r amp r much needed,Neutral,0.0,0.0,2.4818110529641523e-17,0.0,0.0,0.0
booz allen hamilton has a bad ass homegrown social collaboration platform way cool ttiv,Positiva,0.422,0.0,0.5338968038505467,0.0,0.00099993,0.00099993
mluc customer innovation award winner booz allen hamilton,Positiva,0.664,0.0,0.6396626506024095,0.0,0.00100803,0.00100803
i current use the nikon d and love it but not as much as the canon d d i chose the d for the video feature my mistake,Neutral,0.101,0.121,0.13838632711244886,0.0,0.00160217,0.00160217
google is always a good place to look should ve mentioned i worked on the mustang w my dad,Neutral,0.162,0.0,0.2097189172886977,0.0,0.00254989,0.00254989
played with an android google phone the slide out screen scares me i would break that fucker so fast still prefer my iphone,Neutral,0.085,0.238,0.14101410765800643,0.0,0.00306106,0.00306106
us planning to resume the military tribunals at guantanamo bay only this time those on trial will be aig execs and chrysler debt holders,Neutral,0.0,0.098,4.0241828417960333e-17,0.0,0.0009973,0.0009973
omg so bored amp my tattoooos are so itchy help aha,Neutral,0.185,0.319,0.2913985983372227,0.0,0.00100207,0.00100207
i m itchy and miserable,Negativa,0.0,0.841,-0.6410915528578655,0.0,0.00161052,0.00161052
no i m not itchy for now maybe later lol,Neutral,0.391,0.186,0.38368874933048736,0.0,0.00201082,0.00201082
rt i love the nerdy stanford human biology videos makes me miss school,Neutral,0.263,0.175,0.3238263342317519,0.0,0.00100541,0.00100541
has been a bit crazy with steep learning curve but lyx is really good for long docs for anything shorter it would be insane,Neutral,0.145,0.178,0.19684410453697135,0.0,0.00199604,0.00199604
i m listening to p y t by danny gokey lt lt lt aww he s so amazing i lt him so much,Neutral,0.245,0.0,0.30361521620142284,0.0,0.00099921,0.00099921
is going to sleep then on a bike ride,Neutral,0.0,0.0,2.4818110529641523e-17,0.0,0.0,0.0
cant sleep my tooth is aching,Neutral,0.0,0.39,1.0767452831820629e-16,0.0,0.00199866,0.00199866
blah blah blah same old same old no plans today going back to sleep i guess,Neutral,0.0,0.368,8.443281825481768e-17,0.0,0.0010972,0.0010972
glad i didnt do bay to breakers today it s freaking degrees in san francisco wtf,Neutral,0.146,0.32,0.2578877205079583,0.00099874,0.00060844,0.00160718
obama administration must stop bonuses to aig ponzi schemers,Neutral,0.281,0.172,0.3443877189927482,0.0,0.00188589,0.00188589
started to think that citi is in really deep s amp t are they gonna survive the turmoil or are they gonna be the next aig,Neutral,0.0,0.098,4.0241828417960333e-17,0.0,0.0,0.0
shaunwoo hate n on aig,Negativa,0.0,0.552,-0.5255246132208157,0.0,0.00100303,0.00100303
you will not regret going to see star trek it was awesome,Neutral,0.391,0.0,0.4875082095997312,0.0,0.00090289,0.00090289
annoying new trend on the internets people picking apart michael lewis and malcolm gladwell nobody wants to read that,Neutral,0.0,0.13,4.1501392468313995e-17,0.00109673,0.00099802,0.00209475
highly recommend by malcolm gladwell,Positiva,0.411,0.0,0.5172097134225866,0.0,0.00100231,0.00100231
blink by malcolm gladwell amazing book and the tipping point,Neutral,0.297,0.0,0.3631008887356235,0.0,0.00167155,0.00167155
malcolm gladwell might be my new man crush,Neutral,0.0,0.186,3.685749154327304e-17,0.0,0.00194716,0.00194716
omg the commercials alone on espn are going to drive me nuts,Neutral,0.0,0.301,4.43659581954641e-17,0.0,0.00100279,0.00100279
playing with twitter api sounds fun may need to take a class or find a new friend who like to generate results with api code,Neutral,0.362,0.0,0.44628115233135623,0.0,0.00199556,0.00199556
hello twitter api,Neutral,0.0,0.0,2.4818110529641523e-17,0.0,0.0,0.0
because the twitter api is slow and most client s aren t good,Neutral,0.24,0.0,0.29804062126642755,0.0,0.00100064,0.00100064
yahoo answers can be a butt sometimes,Neutral,0.0,0.0,2.4818110529641523e-17,0.0,0.0,0.0
is scrapbooking with nic d,Neutral,0.0,0.0,2.4818110529641523e-17,0.0,0.0,0.0
rt five things wolfram alpha does better and vastly different than google,Neutral,0.209,0.0,0.26358191964330563,0.0,0.00199914,0.00199914
just changed my default pic to a nike basketball cause bball is awesome,Neutral,0.272,0.0,0.334052529897335,0.0,0.00100088,0.00100088
rt was just told that nike layoffs started today,Neutral,0.0,0.0,2.4818110529641523e-17,0.0,0.0,0.0
back when i worked for nike we had one fav word just do it,Neutral,0.2,0.0,0.25353535353535334,0.0,0.00150347,0.00150347
by the way i m totally inspired by this freaky nike commercial,Neutral,0.25,0.179,0.30920398009950223,0.0,0.00101089,0.00101089
class the d is supposed to come today,Neutral,0.0,0.0,2.4818110529641523e-17,0.0,0.0,0.0
needs someone to explain lambda calculus to him,Neutral,0.0,0.0,2.4818110529641523e-17,0.0,0.0,0.0
took the graduate field exam for computer science today nothing makes you feel like more of an idiot than lambda calculus,Neutral,0.1,0.142,0.13984655497666476,0.0,0.00210285,0.00210285
shout outs to all east palo alto for being in the buildin karizmakaze cal gta also thanks to profits of doom universal hempz cracka,Neutral,0.197,0.092,0.2501226632486107,0.0,0.0010066,0.0010066
yeahhhhhhhhh i wouldn t really have lived in east palo alto if i could have avoided it i guess it s only for the summer,Neutral,0.0,0.112,3.3434619922794906e-17,0.0,0.00199437,0.00199437
great stanford course thanks for making it available to the public really helpful and informative for starting off,Positiva,0.402,0.0,0.5040116210320288,0.0,0.0010047,0.0010047
work til pm lets go lakers,Neutral,0.0,0.0,2.4818110529641523e-17,0.0,0.0,0.0
damn you north korea,Neutral,0.0,0.474,4.387356840509899e-16,0.0,0.00100136,0.00100136
can we just go ahead and blow north korea off the map already,Neutral,0.0,0.0,2.4818110529641523e-17,0.0,0.0,0.0
north korea please cease this douchebaggery china doesn t even like you anymore,Neutral,0.324,0.0,0.39620993160868245,0.00099754,0.00061488,0.00161242
why the hell is pelosi in freakin china and on whose dime,Neutral,0.0,0.295,7.000274925811197e-17,0.0,0.0020144,0.0020144
are you burning more cash than chrysler and gm stop the financial tsunami where bailout means taking a handout,Neutral,0.0,0.184,3.673130463203783e-17,0.0,0.0009973,0.0009973
insects have infected my spinach plant,Neutral,0.0,0.39,1.0767452831820629e-16,0.00100803,0.0,0.00100803
wish i could catch every mosquito in the world n burn em slowly they been bitin the shit outta me day mosquitos are the assholes of insects,Neutral,0.206,0.117,0.26023810329137553,0.0,0.00098658,0.00098658
just got back from church and i totally hate insects,Neutral,0.0,0.333,7.577643983834777e-17,0.0,0.00199962,0.00199962
just got mcdonalds goddam those eggs make me sick o yeah laker up date go lakers not much of an update well it s true so suck it,Neutral,0.189,0.28,0.27714907964599667,0.0,0.00100064,0.00100064
omgg i ohhdee want mcdonalds damn i wonder if its open lol,Neutral,0.297,0.196,0.3631008887356235,0.0,0.00162792,0.00162792
history exam studying ugh,Neutral,0.0,0.483,6.705409701992546e-16,0.0,0.00189328,0.00189328
i hate revision it s so boring i am totally unprepared for my exam tomorrow things are not looking good,Neutral,0.0,0.394,8.8355620039059e-17,0.0,0.00099802,0.00099802
higher physics exam tommorow not lookin forward to it much,Neutral,0.0,0.0,2.4818110529641523e-17,0.0,0.0,0.0
it s a bank holiday yet i m only out of work now exam season sucks,Neutral,0.178,0.164,0.22827097577158745,0.0,0.00199509,0.00199509
cheney and bush are the real culprits,Neutral,0.0,0.0,2.4818110529641523e-17,0.0,0.0,0.0
life s a bitch and so is dick cheney p bipart tlot tcot hhrs gop dnc,Neutral,0.0,0.401,1.3276358400133412e-16,0.0,0.00100493,0.00100493
dick cheney s dishonest speech about torture terror and obama fred kaplan slate,Negativa,0.0,0.641,-0.5666426076833525,0.0,0.00199699,0.00199699
the republican party is a bunch of anti abortion zealots who couldn t draw flies to a dump neal boortz just now on the radio,Neutral,0.099,0.245,0.16133783369131616,0.0,0.00100183,0.00100183
is twitter s connections api broken some tweets didn t make it to twitter,Neutral,0.0,0.22,6.089315376155358e-17,0.0,0.00150156,0.00150156
i srsly hate the stupid twitter api timeout thing soooo annoying,Negativa,0.0,0.583,-0.5402479098509632,0.00101042,0.00201488,0.00302529
i really liked learning jquery book is worth a look too,Positiva,0.416,0.0,0.5247149592640774,0.0,0.00109839,0.00109839
very interesting ad from adobe by goodby silverstein amp partners youtube adobe cs le sens propre,Neutral,0.166,0.0,0.21422687145565528,0.0,0.00091147,0.00091147
goodby silverstein agency new site great,Positiva,0.451,0.0,0.5812411914948618,0.0,0.00100803,0.00100803
rt goodby silverstein s new site i enjoy it nice find,Positiva,0.462,0.0,0.5988242500018602,0.0,0.0010016,0.0010016
the ever amazing psyop and goodby silverstein amp partners for hp have to go play with after effects now,Neutral,0.267,0.0,0.3283592526807445,0.0,0.00162649,0.00162649
top ten most watched on viral video chart love the nike mostvaluablepuppets campaign from wieden amp kennedy,Neutral,0.286,0.0,0.35018480100759686,0.0,0.00194693,0.00194693
zomg i have a g,Neutral,0.0,0.0,2.4818110529641523e-17,0.0,0.0,0.0
ok so lots of buzz from io but how lucky are they a free g,Positiva,0.494,0.0,0.6550933663973629,0.0,0.00104403,0.00104403
just got a free g android at google i o,Neutral,0.398,0.0,0.4980644104532926,0.0,0.00189996,0.00189996
guess i ll be retiring my g and start using my developer g woot googleio,Neutral,0.203,0.0,0.25688951203231447,0.0,0.00109982,0.00109982
i am happy for philip being at googleio today,Neutral,0.346,0.0,0.4248323678639329,0.0,0.00099754,0.00099754
lakers played great cannot wait for thursday night lakers vs,Positiva,0.448,0.0,0.5762296440807924,0.0,0.0010016,0.0010016
judd apatow creates fake sitcom on nbc com to market his new movie viral marketing at its best,Neutral,0.258,0.127,0.3181842375594253,0.0,0.0010078,0.0010078
viral marketing fail this acia pills brand oughta get shut down for hacking into people s messenger s i get msgs in a day arrrgh,Neutral,0.0,0.149,5.769745054331935e-17,0.0,0.00162435,0.00162435
watching night at the museum lmao,Positiva,0.438,0.0,0.5594173302710939,0.0,0.00100517,0.00100517
i loved night at the museum,Positiva,0.494,0.0,0.6550933663973629,0.0,0.0,0.0
just got back from the movies went to see the new night at the museum with rachel it was good,Neutral,0.132,0.0,0.17465691234077863,0.0,0.00250244,0.00250244
i will take you on a date to see night at the museum whenever you want it looks soooooo good,Neutral,0.208,0.0,0.26246779617383437,0.0,0.00100923,0.00100923
no watching the night at the museum getting really good,Neutral,0.238,0.164,0.29581396942246835,0.0,0.0010016,0.0010016
night at the museum wolverine and junk food perfect monday,Neutral,0.291,0.0,0.3560264083126781,0.0,0.00199819,0.00199819
saw night at the museum last night pretty crazy movie but the cast was awesome so it was well worth it robin williams forever,Neutral,0.388,0.05,0.48306304577636794,0.0,0.00100112,0.00100112
night at the museum tonite instead of up oh well that yr old better enjoy it lol,Positiva,0.458,0.0,0.5923399567640582,0.0,0.00152135,0.00152135
it s unfortunate that after the stimulus plan was put in place twice to help gm on the back of the american people has led to the inevitable,Neutral,0.088,0.098,0.12137748906956222,0.0,0.00200987,0.00200987
tell me again why we are giving more to gm we should use that for all the programs that support the unemployed,Neutral,0.203,0.0,0.25688951203231447,0.0,0.0,0.0
oh yes but if gm dies it will only be worth more boo hahaha,Positiva,0.464,0.0,0.6021070824124403,0.0,0.00204468,0.00204468
time warner cable is down again rd time since memorial day bummer,Neutral,0.0,0.191,3.718287884631899e-17,0.0,0.00103807,0.00103807
i would rather pay reasonable yearly taxes for free fast internet than get gouged by time warner for a slow connection,Neutral,0.152,0.065,0.1983315842395665,0.0,0.00100708,0.00100708
nooooooo my dvr just died and i was only half way through the ea presser hate you time warner,Neutral,0.0,0.313,4.6516101126735875e-17,0.0,0.00099921,0.00099921
f ck time warner cable you f cking suck balls i have a hd tv amp my damn hd channels hardly ever come in bullshit,Neutral,0.0,0.343,6.653982853454519e-17,0.0,0.0016005,0.0016005
time warner has the worse customer service ever i will never use them again,Neutral,0.0,0.205,2.983304547378473e-17,0.0,0.00099826,0.00099826
time warner is the devil worst possible time for the internet to go out,Neutral,0.0,0.415,1.0207973138395606e-16,0.0,0.00110173,0.00110173
fuck no internet damn time warner,Negativa,0.0,0.737,-0.6062306684141546,0.0,0.00191879,0.00191879
time warner really picks the worst time to not work all i want to do is get to mtv com so i can watch the hills wtfffff,Neutral,0.0,0.195,5.382096030353014e-17,0.0,0.00107217,0.00107217
i hate time warner soooo wish i had vios cant watch the fricken mets game w o buffering i feel like im watching free internet porn,Neutral,0.291,0.127,0.3560264083126781,0.0,0.00200129,0.00200129
ahh got rid of stupid time warner today amp now taking a nap while the roomies cook for me pretty good end for a monday,Neutral,0.207,0.115,0.2613532004032572,0.0,0.0,0.0
time warner s hd line up is crap,Neutral,0.0,0.302,3.90723168871406e-17,0.0,0.00261784,0.00261784
is being fucked by time warner cable didnt know modems could explode and susan boyle sucks too,Neutral,0.0,0.315,4.690359390083755e-17,0.0,0.00109768,0.00109768
time warner cable slogan where calling it a day at pm happens,Neutral,0.0,0.0,2.4818110529641523e-17,0.0,0.0,0.0
recovering from surgery wishing was here,Neutral,0.275,0.0,0.3374843945068661,0.0,0.00197673,0.00197673
my wrist still hurts i have to get it looked at i hate the dr dentist scary places time to watch eagle eye if you want to join txt,Neutral,0.099,0.282,0.17532432889039043,0.0,0.00196052,0.00196052
the dentist lied u won t feel any discomort prob won t even need pain pills man u twippin this shit hurt how many pills can i take,Neutral,0.195,0.357,0.24454284681754515,0.0,0.00101304,0.00101304
my dentist is great but she s expensive,Neutral,0.298,0.0,0.3642872870206701,0.0,0.00104594,0.00104594
is studing math tomorrow exam and dentist,Neutral,0.0,0.0,2.4818110529641523e-17,0.0,0.0,0.0
my dentist was wrong wrong,Negativa,0.0,0.674,-0.5808910411622276,0.0,0.00166726,0.00166726
going to the dentist later,Neutral,0.0,0.0,2.4818110529641523e-17,0.0,0.0,0.0
son has me looking at cars online i hate car shopping would rather go to the dentist anyone with a good car at a good price to sell,Neutral,0.184,0.117,0.23522279572006724,0.0,0.00296545,0.00296545
luke and i got stopped walking out of safeway and asked to empty our pockets and lift our shirts how jacked up is that,Neutral,0.0,0.15,3.489780706983378e-17,0.0,0.00198984,0.00198984
safeway is very rock n roll tonight,Neutral,0.0,0.0,2.4818110529641523e-17,0.0,0.0,0.0
the safeway bathroom still smells like ass,Neutral,0.227,0.318,0.26693439925865015,0.0,0.00199819,0.00199819
at safeway on elkhorn they move like they re dead,Neutral,0.169,0.291,0.26398075506166835,0.0,0.00099969,0.00099969
i love dwight howard s vitamin water commercial now i wish he was with nike and not adidas lol,Neutral,0.388,0.1,0.48306304577636794,0.0,0.00100017,0.00100017
found nothing at nike factory off to banana republic outlet,Neutral,0.0,0.0,2.4818110529641523e-17,0.0,0.0,0.0
is lovin his nike already and that s only from running on the spot in his bedroom,Neutral,0.0,0.0,2.4818110529641523e-17,0.0,0.0,0.0
i finally got around to using jquery to make my bio collapse yay for slide animations,Neutral,0.173,0.163,0.22243402156258257,0.0,0.00150466,0.00150466
right lol we ll get there i have high expectations warren buffet style,Neutral,0.203,0.0,0.25688951203231447,0.0,0.0,0.0
rt rt great someone s sitting in the shade today because someone planted a tree a long time ago warren buffet,Neutral,0.194,0.0,0.246701288156511,0.00100994,0.00101304,0.00202298
warren buffet became for a time the richest man in the united states not by working but investing in big idea which lead to the fortune,Neutral,0.151,0.0,0.19718266317367464,0.0,0.00107646,0.00107646
according to the create a school notre dame will have receivers in ncaa at or higher rating sweet,Neutral,0.254,0.0,0.3136875482633164,0.0,0.00193095,0.00193095
it s definitely under warranty amp my experience is the amazon support for kindle is great had to contact them about my kindle,Neutral,0.384,0.0,0.47720613883955765,0.0,0.00108314,0.00108314
time warner road runner customer support here absolutely blows i hate not having other high speed net options i m ready to go nuclear,Neutral,0.191,0.146,0.2432703660288735,0.0,0.00100255,0.00100255
time warner cable phone reps r dumber than nails ugh cable was working mins ago now its not wtf,Neutral,0.131,0.227,0.19523964413062822,0.0,0.0,0.0
we tried but time warner wasn t being nice so we recorded today,Neutral,0.252,0.0,0.31144423747432753,0.0,0.00262141,0.00262141
omg time warner f ed up my internet install instead of today its now next saturday another week w o internet amp ehfa v fhg fml,Neutral,0.0,0.0,2.4818110529641523e-17,0.0,0.0,0.0
wth i have never seen a line this loooong at time warner before ugh,Neutral,0.0,0.383,8.524370925047273e-17,0.0,0.00210619,0.00210619
impatiently awaiting the arrival of the time warner guy it s way too pretty to be inside all afternoon,Neutral,0.146,0.123,0.19132566287395594,0.0,0.00099754,0.00099754
naive bayes using em for text classification really frustrating,Neutral,0.0,0.431,1.4384242773657418e-16,0.0,0.00199223,0.00199223
we went to stanford university today got a tour made me want to go back to college it s also decided all of our kids will go there,Neutral,0.049,0.0,0.07109234902816362,0.0,0.00100946,0.00100946
if you re being harassed by calls about your car warranty changing your number won t fix that they call every number d bags,Neutral,0.227,0.126,0.2835880023077858,0.0,0.00099134,0.00099134
just blocked united blood services using google voice they call more than those car warranty guys,Neutral,0.148,0.111,0.19368154011929284,0.0,0.00166392,0.00166392
at amp t is complete fail,Neutral,0.0,0.467,3.116488084825098e-16,0.0,0.00098109,0.00098109
oh snap you work at at amp t don t you,Neutral,0.0,0.0,2.4818110529641523e-17,0.00108361,0.0,0.00108361
i really dont want at amp t phone service they suck when it comes to having a signal,Neutral,0.0,0.253,3.802275040404526e-17,0.0,0.0009954,0.0009954
i say we just cut out the small talk at amp t s new slogan f__k you give us your money apologies to bob geldof,Neutral,0.0,0.091,4.0021572918818933e-17,0.0,0.00100636,0.00100636
pissed about at amp t s mid contract upgrade price for the iphone it s more i m not going to pay for something i thought was,Neutral,0.053,0.171,0.08447741644625298,0.0,0.00199223,0.00199223
safari is fast even on my shitty at amp t tethering,Neutral,0.0,0.286,5.2356738522125445e-17,0.0,0.00099826,0.00099826
what is at amp t fucking up,Neutral,0.0,0.0,2.4818110529641523e-17,0.0,0.0,0.0
at amp t dropped the ball and isn t supporting crap with the new iphone fail att sucks,Neutral,0.123,0.366,0.2680125354279697,0.0,0.00099611,0.00099611
yay glad you got the phone still damn you at amp t,Neutral,0.374,0.158,0.41951783093615286,0.0,0.00099993,0.00099993
talk is cheap bing that i ll stick with google,Neutral,0.0,0.0,2.4818110529641523e-17,0.0,0.0,0.0
wtf is the point of deleting tweets if they can still be found in summize and searches twitter please fix that thanks and bye,Neutral,0.173,0.127,0.22243402156258257,0.0,0.00162315,0.00162315
i love google translator too d good day mate,Positiva,0.587,0.0,0.6580704145371946,0.0,0.00099635,0.00099635
reading on my new kindle,Neutral,0.0,0.0,2.4818110529641523e-17,0.0,0.0,0.0
my kindle came and i love it,Positiva,0.457,0.0,0.5907353972505304,0.0,0.00204015,0.00204015
loving my new kindle named her kendra in case u were wondering the cookbook is the tool cuz it tells u all the tricks best gift evr,Neutral,0.328,0.045,0.40131421887055396,0.0,0.00195956,0.00195956
the real aig scandal,Neutral,0.0,0.492,1.4597884215435552e-15,0.0,0.00164008,0.00164008
obama is quite a good comedian check out his dinner speech on cnn very funny jokes,Positiva,0.512,0.0,0.6664791666666663,0.0,0.00187778,0.00187778
barack obama shows his funny side gt gt great speech,Positiva,0.651,0.0,0.64331694828469,0.0,0.00200033,0.00200033
i like this guy barack obama shows his funny side gt gt,Positiva,0.578,0.0,0.6596493656286041,0.0,0.00100112,0.00100112
obama s speech was pretty awesome last night,Positiva,0.593,0.0,0.6569432265317592,0.00099826,0.00099921,0.00199747
reading bill clinton fail obama win,Neutral,0.336,0.31,0.24212445259191345,0.0,0.00100136,0.00100136
obama more popular than u s among arabs survey president barack obama s popularity in leading arab countries,Neutral,0.323,0.0,0.39494275435860593,0.0,0.00250983,0.00250983
obama s got jokes haha just got to watch a bit of his after dinner speech from last night i m in love with mr president,Neutral,0.326,0.0,0.398754866293339,0.0,0.00210309,0.00210309
lebron james got in a car accident i guess just heard it on evening news wow i cant believe it will he be ok,Neutral,0.221,0.114,0.2769250165507611,0.0,0.00100899,0.00100899
is it me or is this the best the playoffs have been in years oh yea lebron and melo in the finals,Neutral,0.167,0.0,0.21537032238952916,0.0010035,0.00132942,0.00233293
no lebron is the best,Neutral,0.447,0.234,0.32722430301435806,0.0,0.00105786,0.00105786
lebron is cool i like his personality he has good character,Positiva,0.524,0.0,0.6659338422391855,0.0,0.00099897,0.00099897
watching lebron highlights damn that niggas good,Neutral,0.242,0.425,0.13296333549931894,0.0,0.00100303,0.00100303
lebron is murdering shit,Negativa,0.0,0.798,-0.6279164292497628,0.0,0.00170517,0.00170517
lebron is a monsta and he is only smh the world ain t ready,Neutral,0.169,0.155,0.2177325345687335,0.0,0.00102353,0.00102353
when lebron is done in the nba he will probably be greater than kobe like u said kobe is good but there alot of good players,Neutral,0.307,0.0,0.37510936395328964,0.0,0.00192904,0.00192904
kobe is good bt lebron has my vote,Neutral,0.293,0.0,0.3583764319764643,0.0,0.00113463,0.00113463
kobe is the best in the world not lebron,Neutral,0.344,0.0,0.4221671098056093,0.0,0.00093699,0.00093699
world cup access damn that s a good look,Neutral,0.274,0.255,0.30361521620142284,0.0,0.00200319,0.00200319
just bought my tickets for the fifa world cup in south africa its going to be a great summer,Neutral,0.194,0.0,0.246701288156511,0.0,0.0,0.0
i have to go to booz allen hamilton for a hr meeting but then i get to go home,Neutral,0.0,0.0,2.4818110529641523e-17,0.0,0.0,0.0
the great indian tamasha truly will unfold from may the result day for indian general election,Neutral,0.333,0.0,0.4077781908302351,0.0,0.00141191,0.00141191
i have the kindle i ve seen pictures of the dx but haven t seen it in person i love my kindle i m on it everyday,Neutral,0.212,0.092,0.2669217452746862,0.0,0.00200748,0.00200748
such an awesome idea the continual learning program with a kindle,Neutral,0.313,0.0,0.38245423575113624,0.0,0.00200129,0.00200129
ooooh what model are you getting i have the d and love love love love it,Positiva,0.627,0.0,0.6495172780435935,0.0,0.00200105,0.00200105
the times of india the wonder that is india s election,Neutral,0.0,0.0,2.4818110529641523e-17,0.0,0.0,0.0
good video from google on using search options,Neutral,0.293,0.0,0.3583764319764643,0.0,0.0,0.0
lol ah my skin is itchy damn lawnmowing,Neutral,0.222,0.381,0.2006184410398249,0.0,0.00100183,0.00100183
itchy back dont ya hate it,Neutral,0.33,0.231,0.33063276873340924,0.0,0.0016048,0.0016048
stanford charity fashion show a top draw,Positiva,0.535,0.0,0.6651401869158875,0.0,0.00211596,0.00211596
stanford university s facebook profile is one of the most popular official university pages,Neutral,0.205,0.0,0.2591224757012638,0.00101519,0.00199652,0.0030117
lyx is cool,Positiva,0.535,0.0,0.6651401869158875,0.0,0.0,0.0
sooo dissapointed they sent danny gokey home you still rock danny my hometown hero yeah milrockee,Neutral,0.293,0.0,0.3583764319764643,0.0,0.0,0.0
rt american idol fashion adam lambert tones down danny gokey cute,Neutral,0.231,0.0,0.2880309383207987,0.0,0.0019877,0.0019877
i love you danny gokey,Positiva,0.583,0.0,0.658789022298456,0.0,0.00102091,0.00102091
so tired i didn t sleep well at all last night,Neutral,0.171,0.26,0.24994921515291915,0.0,0.00099802,0.00099802
boarding plane for san francisco in hour hr flight blech,Neutral,0.0,0.0,2.4818110529641523e-17,0.0,0.0,0.0
bonjour san francisco my back hurts from last night,Neutral,0.0,0.279,5.115394981601653e-17,0.0,0.00151634,0.00151634
with my best girl for a few more hours in san francisco mmmmmfamily is wonderful,Neutral,0.397,0.0,0.4965400712815776,0.0,0.00201488,0.00201488
f up big or go home aig,Neutral,0.0,0.0,2.4818110529641523e-17,0.0,0.0,0.0
went to see the star trek movie last night very satisfying,Neutral,0.248,0.0,0.30696655044498544,0.0,0.00302887,0.00302887
i can t wait going to see star trek tonight,Neutral,0.0,0.0,2.4818110529641523e-17,0.0,0.0,0.0
star trek was as good as everyone said,Neutral,0.293,0.0,0.3583764319764643,0.0,0.0,0.0
am loving new malcolm gladwell book outliers,Neutral,0.394,0.0,0.4920000313571599,0.0,0.00107455,0.00107455
i highly recommend malcolm gladwell s the tipping point my next audiobook will probably be one of his as well,Neutral,0.234,0.0,0.29136490397263853,0.0,0.00099659,0.00099659
malcolm gladwell is a genius at tricking people into not realizing he s a fucking idiot,Neutral,0.07,0.229,0.11812018746725739,0.0,0.0,0.0
hey no offense but malcolm gladwell is a pretenious annoying cunt and he brings you down cant read his shit,Neutral,0.135,0.38,0.2626978954514594,0.0,0.00263596,0.00263596
rt great article by malcolm gladwell,Positiva,0.451,0.0,0.5812411914948618,0.0,0.0,0.0
i seriously underestimated malcolm gladwell i want to meet this dude,Neutral,0.117,0.342,0.2373131349727516,0.0,0.00198722,0.00198722
i hate comcast right now everything is down cable internet amp phone ughh what am i to do,Neutral,0.0,0.198,5.412198552316363e-17,0.0,0.00100017,0.00100017
comcast sucks,Negativa,0.0,0.714,-0.597289228159457,0.0,0.00100088,0.00100088
the day i never have to deal with comcast again will rank as one of the best days of my life,Neutral,0.181,0.0,0.23175362167003546,0.0,0.00199795,0.00199795
did comcast fail again,Negativa,0.0,0.538,-0.5187498267498268,0.0,0.0010016,0.0010016
curses the twitter api limit,Neutral,0.0,0.0,2.4818110529641523e-17,0.0,0.0,0.0
now i can see why dave winer screams about lack of twitter api its limitations and access throttles,Neutral,0.0,0.231,4.919662215717122e-17,0.0,0.00199938,0.00199938
arg twitter api is making me crazy,Neutral,0.0,0.286,5.2356738522125445e-17,0.0,0.0,0.0
i m really loving the new search site wolfram alpha makes google seem so quaint,Neutral,0.259,0.0,0.3193106736192823,0.0,0.00051165,0.00051165
wolfram alpha sucks even for researchers the information provided is less than you can get from google or wikipedia totally useless,Neutral,0.0,0.227,4.87425094062306e-17,0.0,0.00301218,0.00301218
off to the nike factory,Neutral,0.0,0.0,2.4818110529641523e-17,0.0,0.0,0.0
new nike muppet commercials are pretty cute why do we live together again,Neutral,0.36,0.0,0.44356728911783627,0.0,0.00109577,0.00109577
oh those are awesome i so wish they weren t owned by nike,Positiva,0.458,0.0,0.5923399567640582,0.0,0.0,0.0
awesome seeing the show friday at the shoreline amphitheatre never seen nin before can t wait,Neutral,0.227,0.0,0.2835880023077858,0.0,0.00199771,0.00199771
arhh it s weka bug and i spent almost two hours to find that out crappy me,Neutral,0.0,0.205,2.983304547378473e-17,0.0,0.0,0.0
hey bud np i do so love my d although i d love a d mkii more,Positiva,0.587,0.0,0.6580704145371946,0.0,0.0,0.0
just got us a d for the office d,Neutral,0.0,0.0,2.4818110529641523e-17,0.0,0.0,0.0
just picked up my new canon d it s beautiful prepare for some seriously awesome photography,Neutral,0.386,0.082,0.48012477713622514,0.0,0.00100279,0.00100279
just got my new toy canon d love love love it,Positiva,0.643,0.0,0.6454650077760495,0.0,0.0009973,0.0009973
learning about lambda calculus,Neutral,0.0,0.0,2.4818110529641523e-17,0.0,0.0,0.0
i m moving to east palo alto,Neutral,0.0,0.0,2.4818110529641523e-17,0.0,0.0,0.0
atebits i just finished watching your stanford iphone class session i really appreciate it you rock,Neutral,0.187,0.0,0.2386794337626474,0.0,0.00262451,0.00262451
hi just saw your stanford talk and really liked your advice just saying hi from singapore yes the videos do get around,Neutral,0.225,0.0,0.28136704119850164,0.0,0.00099969,0.00099969
lakers tonight let s go,Neutral,0.0,0.0,2.4818110529641523e-17,0.0,0.0,0.0
will the lakers kick the nuggets ass tonight,Neutral,0.0,0.333,7.577643983834777e-17,0.0,0.0,0.0
oooooooh north korea is in troubleeeee,Neutral,0.0,0.0,2.4818110529641523e-17,0.0,0.0,0.0
wat the heck is north korea doing they just conducted powerful nuclear tests follow the link,Neutral,0.157,0.0,0.2040475181018835,0.0,0.0019927,0.0019927
listening to obama friggin north korea,Neutral,0.0,0.0,2.4818110529641523e-17,0.0,0.0,0.0
i just realized we three monkeys in the white obama biden pelosi sarah palin,Neutral,0.0,0.0,2.4818110529641523e-17,0.0,0.0,0.0
pelosi should stay in china and never come back,Neutral,0.0,0.0,2.4818110529641523e-17,0.0,0.0,0.0
nancy pelosi gave the worst commencement speech i ve ever heard yes i m still bitter about this,Neutral,0.125,0.319,0.2312914430840076,0.0,0.00210214,0.00210214
ugh the amount of times these stupid insects have bitten me grr,Neutral,0.0,0.383,8.524370925047273e-17,0.0,0.0,0.0
prettiest insects ever pink katydids,Positiva,0.481,0.0,0.6312068009831661,0.0,0.00100327,0.00100327
just got barraged by a horde of insects hungry for my kitchen light so scary,Neutral,0.0,0.24,4.577241604145316e-17,0.0,0.00200939,0.00200939
just had mcdonalds for dinner d it was goooood big mac meal,Neutral,0.0,0.0,2.4818110529641523e-17,0.0,0.0,0.0
ahh yes lol ima tell my hubby to go get me sum mcdonalds,Neutral,0.333,0.0,0.4077781908302351,0.0,0.0,0.0
stopped to have lunch at mcdonalds chicken nuggetssss yummmmmy,Neutral,0.0,0.192,2.9110650628755255e-17,0.0,0.00164318,0.00164318
could go for a lot of mcdonalds i mean a lot,Neutral,0.0,0.0,2.4818110529641523e-17,0.0,0.0,0.0
my exam went good your prayers worked,Neutral,0.326,0.0,0.398754866293339,0.0,0.0,0.0
only one exam left and i am so happy for it d,Neutral,0.345,0.0,0.4234977158097649,0.0,0.00198817,0.00198817
math review im going to fail the exam,Neutral,0.0,0.333,7.577643983834777e-17,0.0,0.0,0.0
colin powell rocked yesterday on cbs cheney needs to shut the hell up and go home powell is a man of honor and served our country proudly,Neutral,0.198,0.134,0.2512611494866843,0.0,0.00109124,0.00109124
obviously not siding with cheney here,Neutral,0.0,0.0,2.4818110529641523e-17,0.0,0.0,0.0
absolutely hilarious from,Positiva,0.599,0.0,0.6557584863661655,0.0,0.00197268,0.00197268
i never did thank you for including me in your top twitter authors you rock amp i new wave d,Neutral,0.095,0.112,0.13062092834344688,0.0,0.00102425,0.00102425
rt awesome jquery reference book for coda webdesign,Neutral,0.369,0.0,0.4559005539684265,0.0,0.0,0.0
i ve been sending e mails like crazy today to my contacts does anyone have a contact at goodby silverstein i d love to speak to them,Neutral,0.238,0.085,0.29581396942246835,0.0,0.00100303,0.00100303
goodby silverstein s new site i enjoy it,Neutral,0.39,0.0,0.48602137965592096,0.0,0.00100732,0.00100732
wow everyone at the google i o conference got free g s with a month of unlimited service,Neutral,0.392,0.0,0.4890002233359238,0.0,0.00123906,0.00123906
dood i got a free google android phone at the i o conference the g,Neutral,0.268,0.0,0.3294953980635176,0.0,0.00200915,0.00200915
the g is amazing btw a huge improvement over the g,Positiva,0.645,0.0,0.6449354005167957,0.0,0.00100136,0.00100136
html demos lots of great stuff to come yes i m excited io googleio,Positiva,0.505,0.0,0.6666336633663362,0.0,0.00099993,0.00099993
yay happy place place place i love google,Positiva,0.739,0.0,0.6151366711772664,0.0,0.00199699,0.00199699
googleio o d bringing d graphics to the browser very nice tbh funfun,Neutral,0.256,0.0,0.31593413907864754,0.0,0.00100255,0.00100255
awesome viral marketing for funny people,Positiva,0.636,0.0,0.6472788259958069,0.0,0.00199795,0.00199795
saw night at the museum out of sheer desperation who is funding these movies,Neutral,0.0,0.188,2.890451528217417e-17,0.0,0.00151944,0.00151944
night at the museum pretty furkin good,Positiva,0.55,0.0,0.6636363636363632,0.0,0.00100207,0.00100207
watching night at the museum giggling,Neutral,0.333,0.0,0.4077781908302351,0.00100255,0.0,0.00100255
back from seeing star trek and night at the museum star trek was amazing but night at the museum was eh,Neutral,0.107,0.0,0.1439165472999642,0.0,0.00099897,0.00099897
just watched night at the museum so stinkin cute,Neutral,0.291,0.0,0.3560264083126781,0.0,0.0,0.0
so night at the museum was awesome much better than part next weekend we ll see up,Neutral,0.318,0.0,0.38865794885055316,0.0,0.00148463,0.00148463
saw the new night at the museum and i loved it next is to go see up in d,Neutral,0.196,0.0,0.24898321214626734,0.0,0.00100136,0.00100136
it is a shame about gm what if they are forced to make only cars the white house thinks will sell what do you think,Neutral,0.0,0.217,4.767594947717962e-17,0.0,0.0019989,0.0019989
as u may have noticed not too happy about the gm situation nor aig lehman et al,Neutral,0.0,0.167,5.917501400794019e-17,0.0,0.00151038,0.00151038
gm good riddance sad though,Neutral,0.322,0.344,0.2077272480444759,0.0,0.00100732,0.00100732
i will never buy a government motors vehicle until just recently i drove gm cars since when i bought a,Neutral,0.0,0.0,2.4818110529641523e-17,0.0,0.0,0.0
having the old coca cola guy on the gm board is stupid has heck tcot ala,Neutral,0.0,0.185,4.483362106066038e-17,0.0,0.0019989,0.0019989
rantsandraves the worst thing about gm concord pleasant hill martinez is the fucking uaw,Neutral,0.17,0.211,0.23011963021599846,0.0,0.00100064,0.00100064
give a man a fish u feed him for the day teach him to fish u feed him for life buy him gm and u f k him over for good,Neutral,0.112,0.0,0.15018295498951997,0.0,0.00099921,0.00099921
the more i hear about this gm thing the more angry i get billions wasted more bullshit all for something like k employees and all the,Neutral,0.077,0.336,0.17091659515344676,0.00109482,0.00100636,0.00210118
i own a gm car and it is junk as far as quality compared to a honda,Neutral,0.0,0.0,2.4818110529641523e-17,0.0,0.0,0.0
sad day bankrupt gm,Negativa,0.0,0.77,-0.6183561643835616,0.0,0.00099754,0.00099754
is upset about the whole gm thing life as i know it is so screwed up,Neutral,0.0,0.341,6.910232439196966e-17,0.0,0.00160551,0.00160551
whoever is running time warner needs to be repeatedly raped by a rhino so they understand the consequences of putting out shitty cable svcs,Neutral,0.0,0.281,5.1488916834029606e-17,0.0,0.00200725,0.00200725
wftb joining a bit late my connection was down boo time warner,Neutral,0.0,0.0,2.4818110529641523e-17,0.0,0.0,0.0
cox or time warner cox is cheaper and gets a b on dslreports tw is more expensive and gets a c,Neutral,0.0,0.0,2.4818110529641523e-17,0.0,0.0,0.0
i am furious with time warner and their phone promotions,Neutral,0.0,0.316,5.287757824746368e-17,0.0,0.00100088,0.00100088
just got home from chick fil a with the boys damn my internets down stupid time warner,Neutral,0.0,0.303,6.663676392685044e-17,0.0,0.00199795,0.00199795
could time warner cable suck more no,Negativa,0.0,0.519,-0.5094386680258238,0.0,0.00100183,0.00100183
pissed at time warner for causin me to have slow internet problems,Neutral,0.0,0.408,1.209975992788521e-16,0.0,0.00099945,0.00099945
ummm having some time warner problems,Neutral,0.0,0.351,6.603310733823917e-17,0.0,0.0,0.0
you guys see this why does time warner have to suck so much ass really wish i could get u verse at my apartment,Neutral,0.104,0.233,0.16417236782716346,0.0,0.00251269,0.00251269
rt the upside to time warner unhelpful phone operators superslow on site service crap that s not an upside,Neutral,0.0,0.133,3.4175097642329406e-17,0.0,0.00100088,0.00100088
rt new time warner slogan time warner where we make you long for the days before cable,Neutral,0.0,0.0,2.4818110529641523e-17,0.0,0.0,0.0
confirmed it s time warner s fault not facebook s that fb is taking about minutes to load so tempted to switch to verizon,Neutral,0.0,0.119,3.366386012655746e-17,0.0,0.0010066,0.0010066
time warner epic fail,Negativa,0.0,0.538,-0.5187498267498268,0.00099969,0.0,0.00099969
i know how sad is that rt st day of hurricane season that s less scarey than govt taking over gm,Neutral,0.0,0.245,4.1791030969270624e-17,0.0,0.00099945,0.00099945
gm files bankruptcy not a good sign,Neutral,0.0,0.325,7.902128526642979e-17,0.0,0.00100017,0.00100017
yankees won mets lost its a good day,Neutral,0.512,0.178,0.39367904256765923,0.0,0.0019989,0.0019989
my dentist appt today was actually quite enjoyable,Neutral,0.313,0.0,0.38245423575113624,0.0,0.0,0.0
i hate the effing dentist,Negativa,0.0,0.552,-0.5255246132208157,0.0,0.0,0.0
i hate going to the dentist,Neutral,0.0,0.481,6.259024666723583e-16,0.0,0.00200057,0.00200057
i hate the dentist who invented them anyways,Neutral,0.0,0.381,8.813794213384133e-17,0.0,0.00050616,0.00050616
this dentist s office is cold,Neutral,0.0,0.0,2.4818110529641523e-17,0.0,0.0,0.0
just applied at safeway yeeeee,Neutral,0.0,0.0,2.4818110529641523e-17,0.0,0.0,0.0
safeway place is a nightmare right now bumming,Neutral,0.0,0.0,2.4818110529641523e-17,0.0,0.0,0.0
hate safeway select green tea icecream bought two cartons what a waste of money gt _ lt,Neutral,0.102,0.316,0.19718536890990215,0.0,0.00100613,0.00100613
nike rocks i m super grateful for what i ve done with them amp the european division of nike is beyond,Neutral,0.301,0.0,0.36786490289554424,0.0,0.00100088,0.00100088
have you tried nike v addictive,Neutral,0.0,0.0,2.4818110529641523e-17,0.0,0.0,0.0
the nike training club beta iphone app looks very interesting,Neutral,0.25,0.0,0.30920398009950223,0.0,0.00099969,0.00099969
argghhhh why won t my jquery appear in safari bad safari,Neutral,0.243,0.23,0.3013838734913494,0.0,0.0010004,0.0010004
i m ready to drop the pretenses i am forever in love with jquery and i want to marry it sorry ladies this nerd is jquery spokenfor js,Neutral,0.253,0.177,0.3125654970515825,0.0,0.00099969,0.00099969
super investors a great weekend read here from warren buffet oldie but a goodie,Neutral,0.333,0.0,0.4077781908302351,0.0,0.0,0.0
reading michael palin book the python years great book i also recommend warren buffet amp nelson mandela s bio,Neutral,0.306,0.0,0.3738952099090209,0.0,0.0,0.0
i mean i m down with notre dame if i have to it s a good school i d be closer to dan i d enjoy it,Neutral,0.289,0.0,0.35368416285594323,0.0,0.00251198,0.00251198
i can t watch tv without a tivo and after all these years the time warner dvr still sucks,Neutral,0.0,0.143,3.4586000968792063e-17,0.0,0.00201678,0.00201678
i d say some sports writers are idiots for saying roger federer is one of the best ever in tennis roger federer is the best ever in tennis,Neutral,0.259,0.0,0.3193106736192823,0.0,0.0,0.0
i still love my kindle but reading the new york times on it does not feel natural i miss the bloomingdale ads,Neutral,0.178,0.111,0.22827097577158745,0.0,0.00199938,0.00199938
i love my kindle no more stacks of books to trip over on the way to the loo,Neutral,0.196,0.103,0.24898321214626734,0.0,0.00099945,0.00099945
although today s keynote rocked for every great announcement at amp t shit on us just a little bit more,Neutral,0.181,0.159,0.23175362167003546,0.0,0.00100136,0.00100136
its not so much my obsession with cell phones but the iphone i m a slave to at amp t forever because of it,Neutral,0.0,0.088,2.5611450830569226e-17,0.00100112,0.00099826,0.00199938
fuzzball is more fun than at amp t p,Neutral,0.375,0.0,0.4643039918116681,0.0,0.00150967,0.00150967
today is a good day to dislike at amp t vote out of office indeed,Neutral,0.176,0.158,0.22594125615356642,0.0,0.00101066,0.00101066
got my wave sandbox invite extra excited too bad i have class now but i ll play with it soon enough io wave,Neutral,0.241,0.089,0.29915457425182707,0.00109768,0.00100541,0.00210309
looks like summize has gone down too many tweets from wwdc perhaps,Neutral,0.185,0.0,0.2363763556374052,0.0,0.00190735,0.00190735
thanks so much from one of your very happy kindle winners i was so surprised fabulous thank you best kathleen,Positiva,0.658,0.0,0.6413738601823706,0.0,0.00107932,0.00107932
man i kinda dislike apple right now case in point the iphone gs wish there was a video recorder app please,Neutral,0.215,0.099,0.27025835713927715,0.0,0.00100851,0.00100851
i have a kindle amp sony prs like it physical device feels good font is nice pg turns are snappy enuf ui a little klunky,Neutral,0.301,0.0,0.36786490289554424,0.0,0.0,0.0
the kindle seems the best ereader but will it work in the uk and where can i get one,Neutral,0.133,0.0,0.175858781819379,0.00100017,0.0,0.00100017
i have a google addiction thank you for pointing that out hahaha,Positiva,0.433,0.0,0.5512699392453362,0.0,0.00262165,0.00262165
dearest you rich bastards the visa card you sent me doesn t work why screw a little guy like me,Neutral,0.339,0.194,0.3738952099090209,0.0,0.00110793,0.00110793
excited about seeing bobby flay and guy fieri tomorrow at the great american food amp music fest,Neutral,0.302,0.0,0.36906569709330295,0.0,0.00100136,0.00100136
gonna go see bobby flay moro at shoreline eat and drink gonna be good,Neutral,0.182,0.0,0.23291146327147932,0.00099993,0.00089383,0.00189376
can t wait for the great american food and music festival at shoreline tomorrow mmm katz pastrami and bobby flay yes please,Positiva,0.42,0.0,0.5308141962421709,0.0,0.00109506,0.00109506
my dad was in ny for a day we ate at mesa grill last night and met bobby flay so much fun except i completely lost my voice today,Neutral,0.115,0.083,0.15391205814885422,0.0,0.0009973,0.0009973
fighting with latex again,Neutral,0.0,0.455,2.591657362936457e-16,0.0,0.00160193,0.00160193
we love you too and don t want you to die latex the devil,Neutral,0.241,0.364,0.21281779485354413,0.0,0.0010798,0.0010798
hours hours of inkscape crashing normally solid as a rock hours of latex complaining at the slightest thing i can t take any more,Neutral,0.071,0.08,0.1000589657409044,0.0,0.00193262,0.00193262
shit s hitting the fan in iran craziness indeed iranelection,Neutral,0.159,0.428,0.1654752219895105,0.0,0.00199533,0.00199533
monday already iran may implode kitchen is a disaster seems happy had a nice weekend and is great whoop,Neutral,0.383,0.148,0.43285590441884003,0.0,0.00099897,0.00099897
getting ready to test out some burger receipes this weekend bobby flay has some great receipes to try thanks bobby,Neutral,0.358,0.0,0.4408681569821858,0.0,0.00100064,0.00100064
i lam so in love with bobby flay he is my favorite rt you need a place in phoenix we have great peppers here,Neutral,0.379,0.0,0.4699926555262402,0.0,0.00199866,0.00199866
i just created my first latex file from scratch that didn t work out very well see it s a great time waster,Neutral,0.347,0.0,0.4261711178937313,0.0,0.00100088,0.00100088
using linux and loving it so much nicer than windows looking forward to using the wysiwyg latex editor,Neutral,0.307,0.0,0.37510936395328964,0.0,0.0,0.0
after using latex a lot any other typeset mathematics just looks hideous,Neutral,0.0,0.0,2.4818110529641523e-17,0.00050545,0.0,0.00050545
on that note i hate word i hate pages i hate latex there i said it i hate latex all you texn rds can come kill me now,Negativa,0.0,0.52,-0.5099319727891155,0.0,0.00101089,0.00101089
ahhh back in a real text editing environment i lt latex,Neutral,0.0,0.0,2.4818110529641523e-17,0.0,0.0,0.0
trouble in iran i see hmm iran iran so far away flockofseagullsweregeopoliticallycorrect,Neutral,0.0,0.213,3.032056546862586e-17,0.0,0.00201368,0.00201368
reading the tweets coming out of iran the whole thing is terrifying and incredibly sad,Neutral,0.0,0.353,6.677458491742937e-17,0.0,0.00109816,0.00109816
